Model,Faithfulness,Answer Relevancy
simple_vector_general_prompt,"[0.8, 0.8888888888888888, 1.0, 0.9411764705882353, 0.8181818181818182, 1.0, 0.8571428571428571, 0.6666666666666666, 0.875, 1.0, 1.0, 1.0, 1.0, 1.0, 1.0, 1.0, 0.8333333333333334, 1.0, 0.6666666666666666, 1.0, 0.75, 1.0, 1.0, 0.75, 0.7777777777777778, 0.5714285714285714, 1.0, 1.0, 1.0, 1.0]","[np.float64(0.7776247662430577), np.float64(0.0), np.float64(0.0), np.float64(0.7559508961731466), np.float64(0.7890776428308851), np.float64(0.7572248411990542), np.float64(0.7631878378814961), np.float64(0.0), np.float64(0.0), np.float64(0.747455036550156), np.float64(0.0), np.float64(0.0), np.float64(0.0), np.float64(0.0), np.float64(0.7564015802239129), np.float64(0.7306427569452225), np.float64(0.0), np.float64(0.784313189868775), np.float64(0.7227654058184729), np.float64(0.0), np.float64(0.7915828505607707), np.float64(0.0), np.float64(0.93549224035669), np.float64(0.7897275301121796), np.float64(0.7379275935929503), np.float64(0.7432302223129744), np.float64(0.7145571671736808), np.float64(0.7666649653164342), np.float64(0.7448840104007951), np.float64(0.8135122556413424)]"
