Model,Custom_Relevancy
baseline_vector,0.9
baseline_bm25,0.7233333333333333
hybrid_rrf,0.9433333333333334
final_rrf_rerank,0.9566666666666667
