Model,Custom_Relevancy
baseline_vector,0.9233333333333333
baseline_bm25,0.8166666666666667
hybrid_rrf,0.9133333333333333
final_rrf_rerank,0.9333333333333333
