Model,Custom_Relevancy
baseline_vector,0.9166666666666666
baseline_bm25,0.7633333333333333
hybrid_rrf,0.8833333333333333
final_rrf_rerank,0.95
