Model,Faithfulness,Answer Relevancy,Emb_AQ,Emb_AC
baseline_vector,"[1.0, 0.5714285714285714, 1.0, 1.0, 1.0, 1.0, 0.8333333333333334, 1.0, 1.0]","[np.float64(0.0), np.float64(0.7443445419184043), np.float64(0.8453922632384607), np.float64(0.7905606233148053), np.float64(0.0), np.float64(0.0), np.float64(0.8069819907062376), np.float64(0.7534121734052918), np.float64(0.0)]",0.6130126118659973,0.5659970527997723
baseline_bm25,"[0.9333333333333333, 1.0, 0.8, 0.5714285714285714, 1.0, 0.8, 0.75, 1.0, 1.0]","[np.float64(0.0), np.float64(0.7886835300895875), np.float64(0.0), np.float64(0.0), np.float64(0.0), np.float64(0.7447606886897778), np.float64(0.0), np.float64(0.0), np.float64(0.77101736604194)]",0.6044031778971354,0.5108734763882778
hybrid_rrf,"[0.6, 1.0, 0.6, 0.6666666666666666, 0.8, 0.8333333333333334, 0.8333333333333334, 0.9090909090909091, 0.9090909090909091]","[np.float64(0.7231102831963799), np.float64(0.7944553523923515), np.float64(0.7362494310565101), np.float64(0.7404110140668845), np.float64(0.0), np.float64(0.7534981536406734), np.float64(0.0), np.float64(0.7788834900608291), np.float64(0.0)]",0.5902130636903975,0.5311747640371323
final_rrf_rerank,"[0.9285714285714286, 1.0, 0.8333333333333334, 0.7, 1.0, 1.0, 0.7142857142857143, 0.9166666666666666, 0.9]","[np.float64(0.0), np.float64(0.7909657084346032), np.float64(0.7881276363732971), np.float64(0.0), np.float64(0.0), np.float64(0.0), np.float64(0.7941057623711462), np.float64(0.7625856484856651), np.float64(0.772355827734979)]",0.6138767666286893,0.5493189066096589
