Model,Faithfulness,Answer Relevancy
baseline_vector,"[0.8181818181818182, 1.0, 0.75, 1.0, 0.8333333333333334, 1.0, 0.9, 1.0, 0.8]","[np.float64(0.0), np.float64(0.0), np.float64(0.8050078437445917), np.float64(0.0), np.float64(0.0), np.float64(0.8589803925302824), np.float64(0.783111111274151), np.float64(0.0), np.float64(0.0)]"
baseline_bm25,"[0.6, 1.0, 0.42857142857142855, 0.9285714285714286, 1.0, 1.0, 0.75, 1.0, 0.75]","[np.float64(0.7827477937204051), np.float64(0.7634959945882467), np.float64(0.0), np.float64(0.7263538158937001), np.float64(0.7822542975184462), np.float64(0.0), np.float64(0.7870764681857306), np.float64(0.715269971862505), np.float64(0.0)]"
hybrid_rrf,"[1.0, 0.8, 1.0, 1.0, 0.6666666666666666, 0.6, 0.9090909090909091, 0.75, 0.75]","[np.float64(0.0), np.float64(0.6866538520064699), np.float64(0.7461030710376247), np.float64(0.6948793027347198), np.float64(0.0), np.float64(0.0), np.float64(0.794449480611252), np.float64(0.7848987453386455), np.float64(0.7230525789377326)]"
final_rrf_rerank,"[1.0, 1.0, 1.0, 0.9642857142857143, 0.6666666666666666, 1.0, 1.0, 1.0, 1.0]","[np.float64(0.7807049760981597), np.float64(0.0), np.float64(0.8032794189014271), np.float64(0.0), np.float64(0.0), np.float64(0.7868991396468301), np.float64(0.7794259286851016), np.float64(0.7407121685567329), np.float64(0.7887879904670964)]"
